{
  "experiment_info": {
    "total_claims": 809,
    "total_evidence_docs": 5183,
    "claims_with_ground_truth": 809,
    "retrieval_cutoff": 50
  },
  "evaluation_results": {
    "MRR": {
      "1": 0.5896168108776267,
      "10": 0.6816758883198932,
      "50": 0.6858945383332596
    },
    "MAP": {
      "1": 0.565409971157808,
      "10": 0.672568688236179,
      "50": 0.67842977301421
    }
  },
  "table_format": {
    "OpenAI_Embeddings": {
      "MRR@1": 0.5896168108776267,
      "MAP@1": 0.565409971157808,
      "MRR@10": 0.6816758883198932,
      "MAP@10": 0.672568688236179,
      "MRR@50": 0.6858945383332596,
      "MAP@50": 0.67842977301421
    },
    "ElasticSearch": {
      "MRR@1": null,
      "MAP@1": null,
      "MRR@10": null,
      "MAP@10": null,
      "MRR@50": null,
      "MAP@50": null
    }
  }
}